<?xml version="1.0" encoding="UTF-8"?>
<GenRun Id="impl_1" LaunchPart="xc7a100tcsg324-3" LaunchTime="1512761986">
  <File Type="PA-TCL" Name="labkit.tcl"/>
  <File Type="POSTROUTE-PHYSOPT-DCP" Name="labkit_postroute_physopt.dcp"/>
  <File Type="INIT-TIMING" Name="labkit_timing_summary_init.rpt"/>
  <File Type="OPT-DCP" Name="labkit_opt.dcp"/>
  <File Type="OPT-DRC" Name="labkit_drc_opted.rpt"/>
  <File Type="OPT-METHODOLOGY-DRC" Name="labkit_methodology_drc_opted.rpt"/>
  <File Type="OPT-HWDEF" Name="labkit.hwdef"/>
  <File Type="OPT-TIMING" Name="labkit_timing_summary_opted.rpt"/>
  <File Type="PWROPT-DCP" Name="labkit_pwropt.dcp"/>
  <File Type="PWROPT-DRC" Name="labkit_drc_pwropted.rpt"/>
  <File Type="PWROPT-TIMING" Name="labkit_timing_summary_pwropted.rpt"/>
  <File Type="PLACE-DCP" Name="labkit_placed.dcp"/>
  <File Type="PLACE-IO" Name="labkit_io_placed.rpt"/>
  <File Type="PLACE-CLK" Name="labkit_clock_utilization_placed.rpt"/>
  <File Type="PLACE-UTIL" Name="labkit_utilization_placed.rpt"/>
  <File Type="PLACE-UTIL-PB" Name="labkit_utilization_placed.pb"/>
  <File Type="PLACE-CTRL" Name="labkit_control_sets_placed.rpt"/>
  <File Type="PLACE-SIMILARITY" Name="labkit_incremental_reuse_placed.rpt"/>
  <File Type="PLACE-PRE-SIMILARITY" Name="labkit_incremental_reuse_pre_placed.rpt"/>
  <File Type="PLACE-TIMING" Name="labkit_timing_summary_placed.rpt"/>
  <File Type="POSTPLACE-PWROPT-DCP" Name="labkit_postplace_pwropt.dcp"/>
  <File Type="POSTROUTE-PHYSOPT-TIMING" Name="labkit_timing_summary_postroute_physopted.rpt"/>
  <File Type="BG-BIT" Name="labkit.bit"/>
  <File Type="ROUTE-TIMINGSUMMARY" Name="labkit_timing_summary_routed.rpt"/>
  <File Type="BG-BIN" Name="labkit.bin"/>
  <File Type="ROUTE-SIMILARITY" Name="labkit_incremental_reuse_routed.rpt"/>
  <File Type="BITSTR-MSK" Name="labkit.msk"/>
  <File Type="ROUTE-CLK" Name="labkit_clock_utilization_routed.rpt"/>
  <File Type="BITSTR-RBT" Name="labkit.rbt"/>
  <File Type="BITSTR-NKY" Name="labkit.nky"/>
  <File Type="BITSTR-BMM" Name="labkit_bd.bmm"/>
  <File Type="POSTROUTE-PHYSOPT-BLACKBOX-DCP" Name="labkit_postroute_physopt_bb.dcp"/>
  <File Type="WBT-USG" Name="usage_statistics_webtalk.html"/>
  <File Type="RDI-RDI" Name="labkit.vdi"/>
  <File Type="POSTROUTE-PHYSOPT-TIMING-PB" Name="labkit_timing_summary_postroute_physopted.pb"/>
  <File Type="BG-DRC" Name="labkit.drc"/>
  <File Type="ROUTE-TIMING-PB" Name="labkit_timing_summary_routed.pb"/>
  <File Type="BITSTR-MMI" Name="labkit.mmi"/>
  <File Type="POSTROUTE-PHYSOPT-TIMING-RPX" Name="labkit_timing_summary_postroute_physopted.rpx"/>
  <File Type="BG-BGN" Name="labkit.bgn"/>
  <File Type="ROUTE-TIMING-RPX" Name="labkit_timing_summary_routed.rpx"/>
  <File Type="BITSTR-SYSDEF" Name="labkit.sysdef"/>
  <File Type="ROUTE-STATUS-PB" Name="labkit_route_status.pb"/>
  <File Type="ROUTE-STATUS" Name="labkit_route_status.rpt"/>
  <File Type="ROUTE-PWR-RPX" Name="labkit_power_routed.rpx"/>
  <File Type="ROUTE-PWR-SUM" Name="labkit_power_summary_routed.pb"/>
  <File Type="ROUTE-PWR" Name="labkit_power_routed.rpt"/>
  <File Type="ROUTE-METHODOLOGY-DRC-PB" Name="labkit_methodology_drc_routed.pb"/>
  <File Type="ROUTE-METHODOLOGY-DRC" Name="labkit_methodology_drc_routed.rpt"/>
  <File Type="ROUTE-DRC-PB" Name="labkit_drc_routed.pb"/>
  <File Type="ROUTE-DRC" Name="labkit_drc_routed.rpt"/>
  <File Type="ROUTE-BLACKBOX-DCP" Name="labkit_routed_bb.dcp"/>
  <File Type="ROUTE-DCP" Name="labkit_routed.dcp"/>
  <File Type="PHYSOPT-TIMING" Name="labkit_timing_summary_physopted.rpt"/>
  <File Type="PHYSOPT-DRC" Name="labkit_drc_physopted.rpt"/>
  <File Type="PHYSOPT-DCP" Name="labkit_physopt.dcp"/>
  <File Type="POSTPLACE-PWROPT-TIMING" Name="labkit_timing_summary_postplace_pwropted.rpt"/>
  <FileSet Name="sources" Type="DesignSrcs" RelSrcDir="$PSRCDIR/sources_1">
    <Filter Type="Srcs"/>
    <File Path="$PSRCDIR/sources_1/imports/sources/serial_send.v">
      <FileInfo>
        <Attr Name="ImportPath" Val="$PPRDIR/sources/serial_send.v"/>
        <Attr Name="ImportTime" Val="1511994772"/>
        <Attr Name="UsedIn" Val="synthesis"/>
        <Attr Name="UsedIn" Val="implementation"/>
        <Attr Name="UsedIn" Val="simulation"/>
      </FileInfo>
    </File>
    <File Path="$PSRCDIR/sources_1/imports/sources/vga.v">
      <FileInfo>
        <Attr Name="ImportPath" Val="$PPRDIR/sources/vga.v"/>
        <Attr Name="ImportTime" Val="1512015632"/>
        <Attr Name="UsedIn" Val="synthesis"/>
        <Attr Name="UsedIn" Val="implementation"/>
        <Attr Name="UsedIn" Val="simulation"/>
      </FileInfo>
    </File>
    <File Path="$PSRCDIR/sources_1/imports/sources/clock_quarter_divider.v">
      <FileInfo>
        <Attr Name="ImportPath" Val="$PPRDIR/sources/clock_quarter_divider.v"/>
        <Attr Name="ImportTime" Val="1512015649"/>
        <Attr Name="UsedIn" Val="synthesis"/>
        <Attr Name="UsedIn" Val="implementation"/>
        <Attr Name="UsedIn" Val="simulation"/>
      </FileInfo>
    </File>
    <File Path="$PSRCDIR/sources_1/imports/sources/test_rom.v">
      <FileInfo>
        <Attr Name="UsedIn" Val="synthesis"/>
        <Attr Name="UsedIn" Val="implementation"/>
        <Attr Name="UsedIn" Val="simulation"/>
      </FileInfo>
    </File>
    <File Path="$PSRCDIR/sources_1/imports/sources/send_mouse.v">
      <FileInfo>
        <Attr Name="ImportPath" Val="$PPRDIR/sources/send_mouse.v"/>
        <Attr Name="ImportTime" Val="1511994132"/>
        <Attr Name="UsedIn" Val="synthesis"/>
        <Attr Name="UsedIn" Val="implementation"/>
        <Attr Name="UsedIn" Val="simulation"/>
      </FileInfo>
    </File>
    <File Path="$PSRCDIR/sources_1/imports/sources/gesture_detect.v">
      <FileInfo>
        <Attr Name="UsedIn" Val="synthesis"/>
        <Attr Name="UsedIn" Val="implementation"/>
        <Attr Name="UsedIn" Val="simulation"/>
      </FileInfo>
    </File>
    <File Path="$PSRCDIR/sources_1/imports/sources/display_8hex.v">
      <FileInfo>
        <Attr Name="ImportPath" Val="$PPRDIR/sources/display_8hex.v"/>
        <Attr Name="ImportTime" Val="1510334237"/>
        <Attr Name="UsedIn" Val="synthesis"/>
        <Attr Name="UsedIn" Val="implementation"/>
        <Attr Name="UsedIn" Val="simulation"/>
      </FileInfo>
    </File>
    <File Path="$PSRCDIR/sources_1/imports/sources/debounce.v">
      <FileInfo>
        <Attr Name="ImportPath" Val="$PPRDIR/sources/debounce.v"/>
        <Attr Name="ImportTime" Val="1511978205"/>
        <Attr Name="UsedIn" Val="synthesis"/>
        <Attr Name="UsedIn" Val="implementation"/>
        <Attr Name="UsedIn" Val="simulation"/>
      </FileInfo>
    </File>
    <File Path="$PSRCDIR/sources_1/imports/sources/image_process.v">
      <FileInfo>
        <Attr Name="UsedIn" Val="synthesis"/>
        <Attr Name="UsedIn" Val="implementation"/>
        <Attr Name="UsedIn" Val="simulation"/>
      </FileInfo>
    </File>
    <File Path="$PSRCDIR/sources_1/imports/sources/labkit_lab4.v">
      <FileInfo>
        <Attr Name="ImportPath" Val="$PPRDIR/sources/labkit_lab4.v"/>
        <Attr Name="ImportTime" Val="1512014600"/>
        <Attr Name="UsedIn" Val="synthesis"/>
        <Attr Name="UsedIn" Val="implementation"/>
        <Attr Name="UsedIn" Val="simulation"/>
      </FileInfo>
    </File>
    <Config>
      <Option Name="DesignMode" Val="RTL"/>
      <Option Name="TopModule" Val="labkit"/>
      <Option Name="TopAutoSet" Val="TRUE"/>
    </Config>
  </FileSet>
  <FileSet Name="constrs_in" Type="Constrs" RelSrcDir="$PSRCDIR/constrs_1">
    <Filter Type="Constrs"/>
    <File Path="$PSRCDIR/constrs_1/imports/touch_projector/Nexys4DDR_Master_lab4.xdc">
      <FileInfo>
        <Attr Name="ImportPath" Val="$PPRDIR/Nexys4DDR_Master_lab4.xdc"/>
        <Attr Name="ImportTime" Val="1510605037"/>
        <Attr Name="UsedIn" Val="synthesis"/>
        <Attr Name="UsedIn" Val="implementation"/>
      </FileInfo>
    </File>
    <Config>
      <Option Name="ConstrsType" Val="XDC"/>
    </Config>
  </FileSet>
  <Strategy Version="1" Minor="2">
    <StratHandle Name="Vivado Implementation Defaults" Flow="Vivado Implementation 2016"/>
    <Step Id="init_design"/>
    <Step Id="opt_design"/>
    <Step Id="power_opt_design"/>
    <Step Id="place_design"/>
    <Step Id="post_place_power_opt_design"/>
    <Step Id="phys_opt_design"/>
    <Step Id="route_design"/>
    <Step Id="post_route_phys_opt_design"/>
    <Step Id="write_bitstream"/>
  </Strategy>
</GenRun>
