<?xml version="1.0" encoding="UTF-8"?>
<GenRun Id="synth_1" LaunchPart="xc7a100tcsg324-3" LaunchTime="1512761986">
  <File Type="PA-TCL" Name="labkit.tcl"/>
  <File Type="RDS-RDS" Name="labkit.vds"/>
  <File Type="VDS-TIMINGSUMMARY" Name="labkit_timing_summary_synth.rpt"/>
  <File Type="VDS-TIMING-PB" Name="labkit_timing_summary_synth.pb"/>
  <File Type="RDS-DCP" Name="labkit.dcp"/>
  <File Type="RDS-UTIL-PB" Name="labkit_utilization_synth.pb"/>
  <File Type="RDS-UTIL" Name="labkit_utilization_synth.rpt"/>
  <File Type="RDS-PROPCONSTRS" Name="labkit_drc_synth.rpt"/>
  <FileSet Name="sources" Type="DesignSrcs" RelSrcDir="$PSRCDIR/sources_1">
    <Filter Type="Srcs"/>
    <File Path="$PSRCDIR/sources_1/imports/sources/serial_send.v">
      <FileInfo>
        <Attr Name="ImportPath" Val="$PPRDIR/sources/serial_send.v"/>
        <Attr Name="ImportTime" Val="1511994772"/>
        <Attr Name="UsedIn" Val="synthesis"/>
        <Attr Name="UsedIn" Val="implementation"/>
        <Attr Name="UsedIn" Val="simulation"/>
      </FileInfo>
    </File>
    <File Path="$PSRCDIR/sources_1/imports/sources/vga.v">
      <FileInfo>
        <Attr Name="ImportPath" Val="$PPRDIR/sources/vga.v"/>
        <Attr Name="ImportTime" Val="1512015632"/>
        <Attr Name="UsedIn" Val="synthesis"/>
        <Attr Name="UsedIn" Val="implementation"/>
        <Attr Name="UsedIn" Val="simulation"/>
      </FileInfo>
    </File>
    <File Path="$PSRCDIR/sources_1/imports/sources/clock_quarter_divider.v">
      <FileInfo>
        <Attr Name="ImportPath" Val="$PPRDIR/sources/clock_quarter_divider.v"/>
        <Attr Name="ImportTime" Val="1512015649"/>
        <Attr Name="UsedIn" Val="synthesis"/>
        <Attr Name="UsedIn" Val="implementation"/>
        <Attr Name="UsedIn" Val="simulation"/>
      </FileInfo>
    </File>
    <File Path="$PSRCDIR/sources_1/imports/sources/test_rom.v">
      <FileInfo>
        <Attr Name="UsedIn" Val="synthesis"/>
        <Attr Name="UsedIn" Val="implementation"/>
        <Attr Name="UsedIn" Val="simulation"/>
      </FileInfo>
    </File>
    <File Path="$PSRCDIR/sources_1/imports/sources/send_mouse.v">
      <FileInfo>
        <Attr Name="ImportPath" Val="$PPRDIR/sources/send_mouse.v"/>
        <Attr Name="ImportTime" Val="1511994132"/>
        <Attr Name="UsedIn" Val="synthesis"/>
        <Attr Name="UsedIn" Val="implementation"/>
        <Attr Name="UsedIn" Val="simulation"/>
      </FileInfo>
    </File>
    <File Path="$PSRCDIR/sources_1/imports/sources/gesture_detect.v">
      <FileInfo>
        <Attr Name="UsedIn" Val="synthesis"/>
        <Attr Name="UsedIn" Val="implementation"/>
        <Attr Name="UsedIn" Val="simulation"/>
      </FileInfo>
    </File>
    <File Path="$PSRCDIR/sources_1/imports/sources/display_8hex.v">
      <FileInfo>
        <Attr Name="ImportPath" Val="$PPRDIR/sources/display_8hex.v"/>
        <Attr Name="ImportTime" Val="1510334237"/>
        <Attr Name="UsedIn" Val="synthesis"/>
        <Attr Name="UsedIn" Val="implementation"/>
        <Attr Name="UsedIn" Val="simulation"/>
      </FileInfo>
    </File>
    <File Path="$PSRCDIR/sources_1/imports/sources/debounce.v">
      <FileInfo>
        <Attr Name="ImportPath" Val="$PPRDIR/sources/debounce.v"/>
        <Attr Name="ImportTime" Val="1511978205"/>
        <Attr Name="UsedIn" Val="synthesis"/>
        <Attr Name="UsedIn" Val="implementation"/>
        <Attr Name="UsedIn" Val="simulation"/>
      </FileInfo>
    </File>
    <File Path="$PSRCDIR/sources_1/imports/sources/image_process.v">
      <FileInfo>
        <Attr Name="UsedIn" Val="synthesis"/>
        <Attr Name="UsedIn" Val="implementation"/>
        <Attr Name="UsedIn" Val="simulation"/>
      </FileInfo>
    </File>
    <File Path="$PSRCDIR/sources_1/imports/sources/labkit_lab4.v">
      <FileInfo>
        <Attr Name="ImportPath" Val="$PPRDIR/sources/labkit_lab4.v"/>
        <Attr Name="ImportTime" Val="1512014600"/>
        <Attr Name="UsedIn" Val="synthesis"/>
        <Attr Name="UsedIn" Val="implementation"/>
        <Attr Name="UsedIn" Val="simulation"/>
      </FileInfo>
    </File>
    <Config>
      <Option Name="DesignMode" Val="RTL"/>
      <Option Name="TopModule" Val="labkit"/>
      <Option Name="TopAutoSet" Val="TRUE"/>
    </Config>
  </FileSet>
  <FileSet Name="constrs_in" Type="Constrs" RelSrcDir="$PSRCDIR/constrs_1">
    <Filter Type="Constrs"/>
    <File Path="$PSRCDIR/constrs_1/imports/touch_projector/Nexys4DDR_Master_lab4.xdc">
      <FileInfo>
        <Attr Name="ImportPath" Val="$PPRDIR/Nexys4DDR_Master_lab4.xdc"/>
        <Attr Name="ImportTime" Val="1510605037"/>
        <Attr Name="UsedIn" Val="synthesis"/>
        <Attr Name="UsedIn" Val="implementation"/>
      </FileInfo>
    </File>
    <Config>
      <Option Name="ConstrsType" Val="XDC"/>
    </Config>
  </FileSet>
  <Strategy Version="1" Minor="2">
    <StratHandle Name="Vivado Synthesis Defaults" Flow="Vivado Synthesis 2016"/>
    <Step Id="synth_design"/>
  </Strategy>
</GenRun>
